{"assets/fonts/muli/Muli-Bold.ttf":["assets/fonts/muli/Muli-Bold.ttf"],"assets/fonts/muli/Muli-Light.ttf":["assets/fonts/muli/Muli-Light.ttf"],"assets/fonts/muli/Muli.ttf":["assets/fonts/muli/Muli.ttf"],"assets/icons/.DS_Store":["assets/icons/.DS_Store"],"assets/icons/Art.svg":["assets/icons/Art.svg"],"assets/icons/Back%20ICon.svg":["assets/icons/Back%20ICon.svg"],"assets/icons/Bell.svg":["assets/icons/Bell.svg"],"assets/icons/Bill%20Icon.svg":["assets/icons/Bill%20Icon.svg"],"assets/icons/Books.svg":["assets/icons/Books.svg"],"assets/icons/Call.svg":["assets/icons/Call.svg"],"assets/icons/Camera%20Icon.svg":["assets/icons/Camera%20Icon.svg"],"assets/icons/Cart%20Icon.svg":["assets/icons/Cart%20Icon.svg"],"assets/icons/Cash.svg":["assets/icons/Cash.svg"],"assets/icons/Chat%20bubble%20Icon.svg":["assets/icons/Chat%20bubble%20Icon.svg"],"assets/icons/Check%20mark%20rounde.svg":["assets/icons/Check%20mark%20rounde.svg"],"assets/icons/Close.svg":["assets/icons/Close.svg"],"assets/icons/Conversation.svg":["assets/icons/Conversation.svg"],"assets/icons/Discount.svg":["assets/icons/Discount.svg"],"assets/icons/DiscountTag.svg":["assets/icons/DiscountTag.svg"],"assets/icons/Discover.svg":["assets/icons/Discover.svg"],"assets/icons/Electronics.svg":["assets/icons/Electronics.svg"],"assets/icons/Error.svg":["assets/icons/Error.svg"],"assets/icons/Fashion.svg":["assets/icons/Fashion.svg"],"assets/icons/Flash%20Icon.svg":["assets/icons/Flash%20Icon.svg"],"assets/icons/Game%20Icon.svg":["assets/icons/Game%20Icon.svg"],"assets/icons/Gift%20Icon.svg":["assets/icons/Gift%20Icon.svg"],"assets/icons/Groceries.svg":["assets/icons/Groceries.svg"],"assets/icons/Heart%20Icon.svg":["assets/icons/Heart%20Icon.svg"],"assets/icons/Heart%20Icon_2.svg":["assets/icons/Heart%20Icon_2.svg"],"assets/icons/Location%20point.svg":["assets/icons/Location%20point.svg"],"assets/icons/Lock.svg":["assets/icons/Lock.svg"],"assets/icons/Log%20out.svg":["assets/icons/Log%20out.svg"],"assets/icons/Mail.svg":["assets/icons/Mail.svg"],"assets/icons/Others.svg":["assets/icons/Others.svg"],"assets/icons/Parcel.svg":["assets/icons/Parcel.svg"],"assets/icons/Phone.svg":["assets/icons/Phone.svg"],"assets/icons/Plus%20Icon.svg":["assets/icons/Plus%20Icon.svg"],"assets/icons/Question%20mark.svg":["assets/icons/Question%20mark.svg"],"assets/icons/Search%20Icon.svg":["assets/icons/Search%20Icon.svg"],"assets/icons/Settings.svg":["assets/icons/Settings.svg"],"assets/icons/Shop%20Icon.svg":["assets/icons/Shop%20Icon.svg"],"assets/icons/Star%20Icon.svg":["assets/icons/Star%20Icon.svg"],"assets/icons/Success.svg":["assets/icons/Success.svg"],"assets/icons/Trash.svg":["assets/icons/Trash.svg"],"assets/icons/User%20Icon.svg":["assets/icons/User%20Icon.svg"],"assets/icons/User.svg":["assets/icons/User.svg"],"assets/icons/add_favourites.svg":["assets/icons/add_favourites.svg"],"assets/icons/add_location.svg":["assets/icons/add_location.svg"],"assets/icons/arrow_right.svg":["assets/icons/arrow_right.svg"],"assets/icons/empty_bag.svg":["assets/icons/empty_bag.svg"],"assets/icons/empty_box.svg":["assets/icons/empty_box.svg"],"assets/icons/empty_cart.svg":["assets/icons/empty_cart.svg"],"assets/icons/facebook-2.svg":["assets/icons/facebook-2.svg"],"assets/icons/github_icon.svg":["assets/icons/github_icon.svg"],"assets/icons/google-icon.svg":["assets/icons/google-icon.svg"],"assets/icons/instagram_icon.svg":["assets/icons/instagram_icon.svg"],"assets/icons/launcher_icon_with_bg.png":["assets/icons/launcher_icon_with_bg.png"],"assets/icons/linkedin_icon.svg":["assets/icons/linkedin_icon.svg"],"assets/icons/network_error.svg":["assets/icons/network_error.svg"],"assets/icons/receipt.svg":["assets/icons/receipt.svg"],"assets/icons/remove.svg":["assets/icons/remove.svg"],"assets/icons/review.svg":["assets/icons/review.svg"],"assets/icons/search_error.svg":["assets/icons/search_error.svg"],"assets/icons/search_no_found.svg":["assets/icons/search_no_found.svg"],"assets/icons/telegram.svg":["assets/icons/telegram.svg"],"assets/icons/twitter.svg":["assets/icons/twitter.svg"],"assets/icons/whatsapp.svg":["assets/icons/whatsapp.svg"],"assets/images/Image%20Banner%202.png":["assets/images/Image%20Banner%202.png"],"assets/images/Image%20Banner%203.png":["assets/images/Image%20Banner%203.png"],"assets/images/Image%20Popular%20Product%201.png":["assets/images/Image%20Popular%20Product%201.png"],"assets/images/Image%20Popular%20Product%202.png":["assets/images/Image%20Popular%20Product%202.png"],"assets/images/Image%20Popular%20Product%203.png":["assets/images/Image%20Popular%20Product%203.png"],"assets/images/Pattern%20Success.png":["assets/images/Pattern%20Success.png"],"assets/images/Profile%20Image.png":["assets/images/Profile%20Image.png"],"assets/images/apple-pay.png":["assets/images/apple-pay.png"],"assets/images/arts_banner.jpg":["assets/images/arts_banner.jpg"],"assets/images/books_banner.jpg":["assets/images/books_banner.jpg"],"assets/images/developer.jpeg":["assets/images/developer.jpeg"],"assets/images/electronics_banner.jpg":["assets/images/electronics_banner.jpg"],"assets/images/fashions_banner.jpg":["assets/images/fashions_banner.jpg"],"assets/images/fedex-express.png":["assets/images/fedex-express.png"],"assets/images/glap.png":["assets/images/glap.png"],"assets/images/google-pay.png":["assets/images/google-pay.png"],"assets/images/groceries_banner.jpg":["assets/images/groceries_banner.jpg"],"assets/images/launcher_icon_trans.png":["assets/images/launcher_icon_trans.png"],"assets/images/launcher_icon_with_bg.png":["assets/images/launcher_icon_with_bg.png"],"assets/images/mastercard-2.png":["assets/images/mastercard-2.png"],"assets/images/others_banner.jpg":["assets/images/others_banner.jpg"],"assets/images/paypal.png":["assets/images/paypal.png"],"assets/images/product%201%20image.png":["assets/images/product%201%20image.png"],"assets/images/ps4_console_blue_1.png":["assets/images/ps4_console_blue_1.png"],"assets/images/ps4_console_blue_2.png":["assets/images/ps4_console_blue_2.png"],"assets/images/ps4_console_blue_3.png":["assets/images/ps4_console_blue_3.png"],"assets/images/ps4_console_blue_4.png":["assets/images/ps4_console_blue_4.png"],"assets/images/ps4_console_white_1.png":["assets/images/ps4_console_white_1.png"],"assets/images/ps4_console_white_2.png":["assets/images/ps4_console_white_2.png"],"assets/images/ps4_console_white_3.png":["assets/images/ps4_console_white_3.png"],"assets/images/ps4_console_white_4.png":["assets/images/ps4_console_white_4.png"],"assets/images/shoes2.png":["assets/images/shoes2.png"],"assets/images/splash_1.png":["assets/images/splash_1.png"],"assets/images/splash_2.png":["assets/images/splash_2.png"],"assets/images/splash_3.png":["assets/images/splash_3.png"],"assets/images/success.png":["assets/images/success.png"],"assets/images/tshirt.png":["assets/images/tshirt.png"],"assets/images/visa.png":["assets/images/visa.png"],"assets/images/wireless%20headset.png":["assets/images/wireless%20headset.png"],"packages/cupertino_icons/assets/CupertinoIcons.ttf":["packages/cupertino_icons/assets/CupertinoIcons.ttf"]}